time_sec,ear,mar,pitch,yaw,roll,drowsy,yawning,distracted,phone,fatigue_score
12.095,0.347,0.013,7.41,-6.01,-2.61,0,0,0,0,0.0
12.199,0.324,0.012,6.61,-5.71,-6.27,0,0,0,0,0.0
12.238,0.339,0.006,5.58,-5.02,-5.51,0,0,0,0,0.0
12.87,0.341,0.009,5.55,-4.91,-6.29,0,0,0,0,0.0
12.899,0.365,0.011,6.62,-4.96,-5.97,0,0,0,0,0.0
12.93,0.33,0.009,6.34,-4.6,-5.87,0,0,0,0,0.0
12.954,0.336,0.009,3.65,-4.78,-7.25,0,0,0,0,0.0
13.215,0.341,0.009,5.37,-4.89,-5.22,0,0,0,0,0.0
13.252,0.35,0.011,5.23,-4.08,-5.89,0,0,0,0,0.0
13.285,0.359,0.012,4.63,-5.08,-6.46,0,0,0,0,0.0
13.315,0.331,0.005,3.8,-4.35,-6.26,0,0,0,0,0.0
13.536,0.35,0.01,5.56,-3.9,-5.04,0,0,0,0,0.0
13.561,0.322,0.034,4.1,-3.97,-4.02,0,0,0,0,0.0
13.599,0.33,0.069,4.6,-3.1,-4.51,0,0,0,0,0.0
13.635,0.319,0.028,3.06,-3.94,-5.36,0,0,0,0,0.0
13.819,0.321,0.055,4.62,-3.67,-2.71,0,0,0,0,0.0
13.848,0.328,0.02,4.29,-3.45,-4.18,0,0,0,0,0.0
13.882,0.329,0.073,4.38,-3.99,-4.82,0,0,0,0,0.0
13.911,0.32,0.091,3.49,-3.49,-0.65,0,0,0,0,0.0
14.118,0.331,0.018,3.49,-3.48,-4.55,0,0,0,0,0.0
14.155,0.292,0.142,3.18,-4.1,-2.88,0,0,0,0,0.0
14.183,0.269,0.016,4.6,-4.0,-5.15,0,0,0,0,0.0
14.219,0.285,0.115,3.98,-4.17,-4.52,0,0,0,0,0.0
14.408,0.296,0.09,5.2,-4.17,-2.21,0,0,0,0,0.0
14.428,0.321,0.01,5.93,-4.09,0.26,0,0,0,0,0.0
14.456,0.325,0.014,6.21,-4.33,-1.84,0,0,0,0,0.0
14.479,0.301,0.015,6.42,-4.28,-2.03,0,0,0,0,0.0
14.627,0.317,0.01,6.3,-5.09,0.3,0,0,0,0,0.0
14.659,0.326,0.015,5.88,-5.43,-3.84,0,0,0,0,0.0
14.689,0.306,0.015,4.71,-5.69,-0.85,0,0,0,0,0.0
14.714,0.308,0.016,5.46,-5.48,2.82,0,0,0,0,0.0
14.908,0.324,0.011,6.16,-5.59,2.08,0,0,0,0,0.0
14.941,0.311,0.012,5.43,-6.12,0.17,0,0,0,0,0.0
14.974,0.319,0.009,6.94,-6.15,-0.08,0,0,0,0,0.0
15.0,0.327,0.014,6.86,-6.33,0.71,0,0,0,0,0.0
15.212,0.314,0.01,6.27,-5.75,0.91,0,0,0,0,0.0
15.243,0.316,0.009,6.97,-5.65,0.85,0,0,0,0,0.0
15.277,0.311,0.011,8.15,-5.5,1.87,0,0,0,0,0.0
15.314,0.31,0.015,6.36,-5.45,-0.32,0,0,0,0,0.0
15.485,0.309,0.014,6.43,-5.63,-0.78,0,0,0,0,0.0
15.513,0.318,0.013,5.66,-5.75,0.48,0,0,0,0,0.0
15.544,0.333,0.013,6.58,-5.71,-1.89,0,0,0,0,0.0
15.572,0.315,0.008,5.88,-6.42,1.28,0,0,0,0,0.0
15.719,0.294,0.013,6.34,-5.41,3.07,0,0,0,0,0.0
15.748,0.303,0.013,5.92,-6.4,1.12,0,0,0,0,0.0
15.772,0.324,0.018,6.49,-5.66,4.22,0,0,0,0,0.0
15.794,0.318,0.009,7.05,-5.54,1.48,0,0,0,0,0.0
15.951,0.313,0.014,6.4,-5.41,3.94,0,0,0,0,0.0
15.971,0.332,0.014,6.62,-5.46,2.68,0,0,0,0,0.0
16.002,0.322,0.014,5.97,-5.41,1.24,0,0,0,0,0.0
16.025,0.329,0.011,5.44,-4.97,1.7,0,0,0,0,0.0
16.188,0.326,0.011,6.79,-5.22,3.59,0,0,0,0,0.0
16.216,0.325,0.02,6.2,-5.4,3.08,0,0,0,0,0.0
16.246,0.33,0.015,7.02,-4.48,3.16,0,0,0,0,0.0
16.275,0.304,0.006,6.12,-5.27,2.9,0,0,0,0,0.0
16.425,0.326,0.012,6.75,-4.88,4.9,0,0,0,0,0.0
16.447,0.323,0.011,7.57,-4.53,3.96,0,0,0,0,0.0
16.475,0.313,0.009,5.84,-4.58,2.0,0,0,0,0,0.0
16.504,0.321,0.012,6.78,-4.77,4.14,0,0,0,0,0.0
16.671,0.32,0.019,7.16,-4.84,3.96,0,0,0,0,0.0
16.696,0.323,0.019,7.14,-5.17,6.98,0,0,0,0,0.0
16.726,0.341,0.011,5.85,-4.78,4.33,0,0,0,0,0.0
16.762,0.329,0.012,5.71,-5.44,5.08,0,0,0,0,0.0
16.93,0.322,0.023,6.69,-5.6,5.69,0,0,0,0,0.0
16.954,0.319,0.017,8.81,-6.88,8.38,0,0,0,0,0.0
16.976,0.32,0.013,8.23,-6.47,8.2,0,0,0,0,0.0
17.003,0.343,0.016,8.14,-6.69,7.32,0,0,0,0,0.0
17.171,0.319,0.006,7.25,-7.18,9.03,0,0,0,0,0.0
17.198,0.338,0.009,8.75,-7.7,7.54,0,0,0,0,0.0
17.228,0.337,0.01,9.09,-7.92,8.93,0,0,0,0,0.0
17.257,0.339,0.014,9.22,-8.33,8.66,0,0,0,0,0.0
17.444,0.326,0.014,1.4,-6.64,22.57,0,0,0,0,0.0
17.481,0.33,0.028,-1.3,-6.54,23.33,0,0,0,0,0.0
17.506,0.314,0.007,0.39,-6.77,22.1,0,0,0,0,0.0
17.541,0.265,0.012,11.75,-8.4,7.78,0,0,0,0,0.0
17.709,0.236,0.009,10.15,-10.16,7.28,0,0,0,0,2.4
17.744,0.284,0.009,12.9,-8.36,6.96,0,0,0,0,0.0
17.769,0.309,0.01,11.97,-8.33,8.04,0,0,0,0,0.0
17.802,0.315,0.014,11.68,-9.39,7.47,0,0,0,0,0.0
17.977,0.318,0.009,11.95,-9.54,7.9,0,0,0,0,0.0
18.0,0.33,0.01,13.94,-9.21,7.94,0,0,0,0,0.0
18.021,0.332,0.006,14.28,-9.34,8.35,0,0,0,0,0.0
18.046,0.313,0.009,13.49,-9.18,8.09,0,0,0,0,0.0
18.219,0.31,0.009,-5.23,-6.24,20.94,0,0,0,0,0.0
18.243,0.321,0.013,13.6,-8.74,7.29,0,0,0,0,0.0
18.261,0.324,0.013,15.81,-8.88,7.12,0,0,0,0,0.0
18.292,0.313,0.01,14.99,-8.83,6.43,0,0,0,0,0.0
18.453,0.353,0.009,16.65,-9.03,6.51,0,0,0,0,0.0
18.477,0.325,0.014,14.9,-8.45,6.62,0,0,0,0,0.0
18.503,0.326,0.018,16.4,-8.82,7.93,0,0,0,0,0.0
18.538,0.324,0.014,13.31,-8.92,5.99,0,0,0,0,0.0
18.686,0.341,0.01,15.81,-9.53,4.99,0,0,0,0,0.0
18.71,0.329,0.01,15.8,-8.61,4.79,0,0,0,0,0.0
18.742,0.302,0.01,14.75,-8.84,4.66,0,0,0,0,0.0
18.767,0.305,0.012,13.51,-9.3,4.31,0,0,0,0,0.0
18.937,0.328,0.005,-6.93,-5.67,20.07,0,0,0,0,0.0
18.965,0.301,0.008,14.4,-9.57,3.61,0,0,0,0,0.0
18.99,0.311,0.008,14.05,-9.35,4.63,0,0,0,0,0.0
19.024,0.301,0.008,-6.57,-5.9,20.58,0,0,0,0,0.0
19.213,0.316,0.012,-7.64,-5.8,19.26,0,0,0,0,0.0
19.25,0.317,0.011,15.92,-8.25,6.89,0,0,0,0,0.0
19.279,0.327,0.01,15.4,-8.96,5.82,0,0,0,0,0.0
19.31,0.325,0.007,15.04,-9.28,5.82,0,0,0,0,0.0
19.495,0.324,0.008,15.78,-8.85,7.72,0,0,0,0,0.0
19.532,0.322,0.016,15.58,-8.78,6.6,0,0,0,0,0.0
19.556,0.327,0.013,15.66,-9.6,4.67,0,0,0,0,0.0
19.578,0.328,0.014,16.92,-8.94,5.96,0,0,0,0,0.0
19.784,0.328,0.013,15.49,-9.36,4.93,0,0,0,0,0.0
19.814,0.352,0.013,17.25,-9.21,5.38,0,0,0,0,0.0
19.846,0.328,0.014,17.71,-9.29,6.34,0,0,0,0,0.0
19.867,0.331,0.006,16.22,-9.74,4.96,0,0,0,0,0.0
20.033,0.321,0.005,16.07,-9.4,5.72,0,0,0,0,0.0
20.057,0.348,0.007,15.82,-9.01,5.61,0,0,0,0,0.0
20.082,0.327,0.017,16.45,-9.38,5.74,0,0,0,0,0.0
20.114,0.321,0.009,15.37,-9.17,6.03,0,0,0,0,0.0
20.364,0.284,0.011,14.41,-9.01,4.59,0,0,0,0,0.0
20.392,0.293,0.025,14.67,-7.3,4.16,0,0,0,0,0.0
20.413,0.31,0.027,12.57,-7.67,5.6,0,0,0,0,0.0
20.441,0.288,0.015,11.15,-7.76,4.01,0,0,0,0,0.0
20.716,0.306,0.012,11.74,-7.58,5.96,0,0,0,0,0.0
20.748,0.302,0.019,7.78,-7.21,3.59,0,0,0,0,0.0
20.777,0.314,0.029,7.23,-6.87,5.49,0,0,0,0,0.0
20.803,0.342,0.017,7.4,-6.25,5.2,0,0,0,0,0.0
21.105,0.316,0.013,6.35,-6.09,5.03,0,0,0,0,0.0
21.129,0.322,0.009,5.81,-5.82,3.31,0,0,0,0,0.0
21.152,0.312,0.008,3.81,-5.68,0.53,0,0,0,0,0.0
21.175,0.324,0.016,4.15,-5.46,1.86,0,0,0,0,0.0
21.357,0.318,0.004,2.83,-5.57,1.86,0,0,0,0,0.0
21.381,0.33,0.011,21.68,-6.44,15.56,0,0,0,0,0.0
21.406,0.3,0.006,18.83,-6.56,17.98,0,0,0,0,0.0
21.428,0.317,0.01,0.92,-4.49,2.33,0,0,0,0,0.0
21.626,0.305,0.014,0.73,-4.02,4.45,0,0,0,0,0.0
21.647,0.318,0.008,1.16,-4.53,6.33,0,0,0,0,0.0
21.671,0.333,0.015,17.05,-6.4,20.11,0,0,0,0,0.0
21.691,0.332,0.023,17.19,-6.43,20.45,0,0,0,0,0.0
21.88,0.304,0.019,0.35,-4.42,4.43,0,0,0,0,0.0
21.906,0.325,0.008,0.25,-4.85,8.34,0,0,0,0,0.0
21.932,0.329,0.004,17.57,-6.36,14.52,0,0,0,0,0.0
21.958,0.32,0.009,2.32,-4.94,4.28,0,0,0,0,0.0
22.165,0.331,0.011,2.94,-4.56,3.65,0,0,0,0,0.0
22.189,0.301,0.012,1.93,-5.25,4.76,0,0,0,0,0.0
22.213,0.311,0.012,16.64,-6.19,14.73,0,0,0,0,0.0
22.237,0.322,0.012,2.5,-4.85,1.27,0,0,0,0,0.0
22.419,0.324,0.006,1.55,-5.25,4.8,0,0,0,0,0.0
22.447,0.317,0.015,3.56,-4.38,5.0,0,0,0,0,0.0
22.471,0.33,0.006,2.92,-4.6,0.49,0,0,0,0,0.0
22.492,0.335,0.007,17.02,-5.97,13.48,0,0,0,0,0.0
22.686,0.322,0.008,2.73,-4.14,2.22,0,0,0,0,0.0
22.711,0.317,0.007,1.31,-4.22,2.65,0,0,0,0,0.0
22.753,0.326,0.012,2.33,-4.09,1.15,0,0,0,0,0.0
22.789,0.319,0.011,2.14,-3.95,2.59,0,0,0,0,0.0
22.969,0.323,0.012,2.44,-4.18,3.49,0,0,0,0,0.0
22.988,0.32,0.009,18.65,-6.3,15.83,0,0,0,0,0.0
23.008,0.33,0.014,2.11,-3.47,1.23,0,0,0,0,0.0
23.033,0.317,0.015,1.86,-3.39,1.86,0,0,0,0,0.0
23.22,0.33,0.011,1.74,-4.2,2.84,0,0,0,0,0.0
23.243,0.326,0.017,1.32,-3.78,1.74,0,0,0,0,0.0
23.266,0.324,0.014,2.11,-4.26,2.38,0,0,0,0,0.0
23.291,0.324,0.028,2.84,-3.76,1.29,0,0,0,0,0.0
23.723,0.311,0.009,2.25,-3.8,0.89,0,0,0,0,0.0
23.756,0.328,0.01,2.16,-4.3,0.66,0,0,0,0,0.0
23.788,0.325,0.012,1.63,-4.51,0.83,0,0,0,0,0.0
23.815,0.336,0.011,2.97,-4.54,0.29,0,0,0,0,0.0
24.086,0.337,0.014,2.41,-4.29,-0.6,0,0,0,0,0.0
24.116,0.312,0.012,3.28,-4.7,-0.14,0,0,0,0,0.0
24.161,0.308,0.008,3.14,-4.28,-0.67,0,0,0,0,0.0
24.212,0.328,0.01,3.12,-3.94,0.35,0,0,0,0,0.0
24.596,0.343,0.013,3.01,-4.42,0.59,0,0,0,0,0.0
24.624,0.338,0.007,3.62,-4.64,-0.29,0,0,0,0,0.0
24.648,0.321,0.011,2.95,-4.85,2.41,0,0,0,0,0.0
24.679,0.324,0.015,3.26,-4.29,3.14,0,0,0,0,0.0
24.993,0.342,0.011,3.08,-4.82,1.85,0,0,0,0,0.0
25.021,0.317,0.015,4.05,-5.54,0.03,0,0,0,0,0.0
25.045,0.297,0.016,3.37,-6.39,1.97,0,0,0,0,0.0
25.074,0.302,0.009,4.15,-6.39,3.76,0,0,0,0,0.0
25.428,0.301,0.011,5.55,-6.1,5.13,0,0,0,0,0.0
25.453,0.302,0.01,6.58,-7.49,31.27,0,0,0,0,0.0
25.477,0.332,0.01,4.65,-7.89,8.57,0,0,0,0,0.0
25.5,0.304,0.009,6.07,-7.59,25.52,0,0,0,0,0.0
25.68,0.284,0.029,6.17,-7.17,25.18,0,0,0,0,0.0
25.706,0.256,0.009,-0.55,-6.6,7.41,0,0,0,0,0.0
25.735,0.23,0.002,0.26,-6.84,7.66,0,0,0,0,3.1
25.77,0.245,0.008,1.83,-6.42,5.54,0,0,0,0,2.1
26.007,0.228,0.012,-0.4,-6.28,5.43,0,0,0,0,4.8
26.028,0.254,0.007,-2.49,-6.87,4.83,0,0,0,0,0.0
26.051,0.266,0.006,-2.14,-6.97,5.65,0,0,0,0,0.0
26.075,0.245,0.004,-1.85,-6.06,7.05,0,0,0,0,1.4
26.345,0.269,0.004,-3.54,-5.61,5.39,0,0,0,0,0.0
26.372,0.263,0.004,-3.81,-7.16,4.4,0,0,0,0,0.0
26.397,0.24,0.007,-2.37,-7.6,6.04,0,0,0,0,1.9
26.426,0.27,0.007,-5.22,-7.51,5.25,0,0,0,0,0.0
26.686,0.271,0.003,-2.78,-7.72,2.49,0,0,0,0,0.0
26.711,0.339,0.007,-1.77,-8.5,2.28,0,0,0,0,0.0
26.747,0.301,0.003,0.11,-7.54,3.3,0,0,0,0,0.0
26.775,0.33,0.003,-1.11,-8.27,2.78,0,0,0,0,0.0
26.997,0.337,0.006,-0.94,-7.84,3.82,0,0,0,0,0.0
27.021,0.33,0.007,-0.19,-7.56,1.45,0,0,0,0,0.0
27.051,0.326,0.007,-1.5,-7.69,-1.3,0,0,0,0,0.0
27.08,0.348,0.004,-0.87,-7.62,1.19,0,0,0,0,0.0
27.331,0.318,0.006,-0.01,-7.8,1.36,0,0,0,0,0.0
27.353,0.34,0.013,3.92,-7.75,1.14,0,0,0,0,0.0
27.374,0.308,0.004,3.81,-7.49,1.19,0,0,0,0,0.0
27.412,0.309,0.007,3.88,-7.78,1.97,0,0,0,0,0.0
27.591,0.313,0.012,3.0,-8.69,2.87,0,0,0,0,0.0
27.614,0.301,0.009,2.77,-7.64,3.88,0,0,0,0,0.0
27.658,0.316,0.006,3.52,-7.38,5.43,0,0,0,0,0.0
27.682,0.312,0.011,1.73,-7.41,1.47,0,0,0,0,0.0
27.857,0.334,0.008,2.82,-7.33,1.62,0,0,0,0,0.0
27.881,0.322,0.004,2.13,-8.27,3.0,0,0,0,0,0.0
27.906,0.331,0.013,1.28,-8.15,2.66,0,0,0,0,0.0
27.928,0.334,0.008,1.67,-8.13,1.57,0,0,0,0,0.0
28.113,0.318,0.012,2.54,-7.89,-0.0,0,0,0,0,0.0
28.135,0.311,0.012,1.1,-7.66,1.67,0,0,0,0,0.0
28.16,0.313,0.013,0.77,-7.72,1.51,0,0,0,0,0.0
28.183,0.326,0.008,2.59,-7.44,1.99,0,0,0,0,0.0
28.372,0.322,0.01,1.41,-8.1,1.7,0,0,0,0,0.0
28.394,0.309,0.005,1.31,-6.98,1.65,0,0,0,0,0.0
28.416,0.342,0.006,-0.26,-6.91,-1.19,0,0,0,0,0.0
28.438,0.323,0.01,-1.18,-6.01,0.85,0,0,0,0,0.0
28.611,0.326,0.014,-0.69,-6.51,2.84,0,0,0,0,0.0
28.633,0.328,0.002,-3.88,-4.33,1.51,0,0,0,0,0.0
28.654,0.334,0.004,-5.76,-3.32,1.17,0,0,0,0,0.0
28.676,0.262,0.005,-6.75,-4.01,-1.83,0,0,0,0,0.0
28.857,0.29,0.002,-9.11,-2.32,-2.12,0,0,0,0,0.0
28.878,0.313,0.005,-8.49,-0.66,-1.83,0,0,0,0,0.0
28.898,0.32,0.062,-8.65,-0.69,-1.15,0,0,0,0,0.0
28.917,0.341,0.003,-7.0,-0.38,-2.3,0,0,0,0,0.0
29.072,0.34,0.005,-6.7,0.53,-2.26,0,0,0,0,0.0
29.092,0.35,0.002,-7.55,1.58,-0.22,0,0,0,0,0.0
29.11,0.339,0.009,-4.94,0.71,-0.88,0,0,0,0,0.0
29.138,0.337,0.017,-6.7,0.03,1.14,0,0,0,0,0.0
29.315,0.252,0.02,-5.27,-0.37,-1.6,0,0,0,0,0.0
29.337,0.295,0.042,-3.77,-1.58,-1.72,0,0,0,0,0.0
29.356,0.287,0.016,-4.04,-2.07,-0.1,0,0,0,0,0.0
29.38,0.309,0.073,-2.37,-1.69,-1.92,0,0,0,0,0.0
29.532,0.304,0.113,-2.62,-2.14,0.19,0,0,0,0,0.0
29.555,0.296,0.104,-2.03,-2.15,2.05,0,0,0,0,0.0
29.573,0.297,0.027,-1.7,-2.67,-0.07,0,0,0,0,0.0
29.593,0.298,0.019,-2.45,-2.58,0.96,0,0,0,0,0.0
29.739,0.293,0.084,-2.68,-3.03,0.5,0,0,0,0,0.0
29.765,0.296,0.041,-3.31,-3.49,-0.45,0,0,0,0,0.0
29.787,0.321,0.014,-1.86,-3.71,-2.88,0,0,0,0,0.0
29.806,0.319,0.015,-1.0,-3.94,-2.45,0,0,0,0,0.0
29.952,0.305,0.063,-0.25,-3.93,-2.55,0,0,0,0,0.0
29.973,0.254,0.019,0.08,-4.19,-2.69,0,0,0,0,0.0
29.992,0.199,0.026,-0.32,-5.01,-3.96,0,0,0,0,6.8
30.009,0.163,0.013,0.21,-4.67,-3.41,0,0,0,0,12.0
30.158,0.244,0.012,-0.19,-3.53,-3.83,0,0,0,0,3.0
30.176,0.297,0.077,1.59,-4.19,-1.72,0,0,0,0,0.0
30.199,0.315,0.012,1.38,-4.04,-3.03,0,0,0,0,0.0
30.22,0.313,0.021,0.3,-4.15,-1.65,0,0,0,0,0.0
30.395,0.3,0.017,1.16,-3.88,-3.87,0,0,0,0,0.0
30.416,0.312,0.009,1.61,-3.96,0.57,0,0,0,0,0.0
30.436,0.303,0.014,0.05,-4.8,-2.97,0,0,0,0,0.0
30.459,0.312,0.014,2.06,-4.78,-0.4,0,0,0,0,0.0
30.631,0.301,0.007,1.74,-4.17,-0.41,0,0,0,0,0.0
30.654,0.315,0.009,1.17,-3.91,-1.4,0,0,0,0,0.0
30.675,0.325,0.011,0.81,-3.21,0.07,0,0,0,0,0.0
30.698,0.336,0.013,0.61,-2.06,2.18,0,0,0,0,0.0
30.881,0.321,0.003,1.84,-2.16,3.29,0,0,0,0,0.0
30.907,0.293,0.011,10.24,-2.55,15.62,0,0,0,0,0.0
30.929,0.303,0.006,9.32,-1.73,19.55,0,0,0,0,0.0
30.952,0.304,0.014,0.48,-1.6,6.13,0,0,0,0,0.0
31.159,0.298,0.014,1.47,-1.26,5.16,0,0,0,0,0.0
31.182,0.317,0.008,8.97,-0.76,19.2,0,0,0,0,0.0
31.205,0.314,0.006,9.42,-1.18,16.84,0,0,0,0,0.0
31.225,0.32,0.006,0.98,-0.72,7.19,0,0,0,0,0.0
31.391,0.315,0.012,0.74,-1.03,6.66,0,0,0,0,0.0
31.411,0.326,0.009,1.56,-0.74,2.11,0,0,0,0,0.0
31.434,0.329,0.006,0.72,-0.31,1.69,0,0,0,0,0.0
31.459,0.352,0.008,1.4,-0.27,-0.12,0,0,0,0,0.0
31.626,0.323,0.008,1.22,-0.31,-1.15,0,0,0,0,0.0
31.65,0.338,0.011,2.02,-0.8,-0.9,0,0,0,0,0.0
31.67,0.352,0.011,0.92,-0.89,0.39,0,0,0,0,0.0
31.689,0.33,0.01,0.56,-0.3,-3.05,0,0,0,0,0.0
31.843,0.341,0.014,1.84,-0.75,-2.93,0,0,0,0,0.0
31.858,0.329,0.005,2.04,-1.19,-6.02,0,0,0,0,0.0
31.881,0.344,0.006,2.89,-1.22,-4.27,0,0,0,0,0.0
31.904,0.333,0.01,1.84,-1.2,-5.62,0,0,0,0,0.0
32.053,0.322,0.005,1.99,-1.6,-8.78,0,0,0,0,0.0
32.073,0.314,0.005,-1.68,-2.72,-5.96,0,0,0,0,0.0
32.092,0.321,0.012,-1.75,-1.89,-5.66,0,0,0,0,0.0
32.111,0.307,0.003,0.03,-2.49,-7.27,0,0,0,0,0.0
32.254,0.291,0.009,0.28,-2.38,-7.55,0,0,0,0,0.0
32.275,0.34,0.008,2.6,-1.52,-9.98,0,0,0,0,0.0
32.294,0.31,0.011,0.84,-2.7,-9.04,0,0,0,0,0.0
32.323,0.303,0.008,-0.4,-1.45,-8.43,0,0,0,0,0.0
32.475,0.306,0.009,0.46,-2.21,-9.83,0,0,0,0,0.0
32.498,0.319,0.01,-0.06,-2.79,-8.22,0,0,0,0,0.0
32.521,0.303,0.011,0.7,-2.32,-8.6,0,0,0,0,0.0
32.539,0.311,0.01,1.56,-3.31,-7.6,0,0,0,0,0.0
32.689,0.32,0.015,1.52,-2.59,-6.07,0,0,0,0,0.0
32.709,0.323,0.016,2.73,-2.81,-9.31,0,0,0,0,0.0
32.731,0.307,0.011,1.46,-3.0,-5.84,0,0,0,0,0.0
32.751,0.332,0.01,3.22,-2.83,-5.58,0,0,0,0,0.0
32.895,0.334,0.013,3.72,-2.53,-6.37,0,0,0,0,0.0
32.915,0.251,0.008,7.38,-4.4,-10.28,0,0,0,0,0.0
32.938,0.274,0.008,10.09,-5.05,-8.64,0,0,0,0,0.0
32.958,0.26,0.01,8.76,-4.91,-6.63,0,0,0,0,0.0
33.114,0.286,0.006,9.57,-4.2,-7.55,0,0,0,0,0.0
33.139,0.302,0.012,13.68,-4.69,-7.47,0,0,0,0,0.0
33.16,0.292,0.007,13.92,-4.8,-7.41,0,0,0,0,0.0
33.182,0.301,0.007,13.46,-4.88,-7.09,0,0,0,0,0.0
33.339,0.306,0.006,12.3,-4.88,-7.46,0,0,0,0,0.0
33.356,0.259,0.009,9.81,-4.59,-5.93,0,0,0,0,0.0
33.374,0.261,0.008,10.83,-4.15,-6.24,0,0,0,0,0.0
33.398,0.264,0.008,10.27,-4.41,-5.84,0,0,0,0,0.0
33.545,0.255,0.01,10.19,-4.58,-5.01,0,0,0,0,0.0
33.569,0.267,0.007,9.92,-4.49,-3.72,0,0,0,0,0.0
33.59,0.258,0.005,9.75,-4.43,-3.83,0,0,0,0,0.0
33.607,0.244,0.003,9.48,-3.92,-0.92,0,0,0,0,1.4
33.758,0.255,0.004,8.12,-3.56,0.35,0,0,0,0,0.0
33.777,0.259,0.004,5.44,-1.29,7.83,0,0,0,0,0.0
33.796,0.265,0.005,3.87,-0.91,5.25,0,0,0,0,0.0
33.841,0.274,0.004,1.93,-0.65,6.57,0,0,0,0,0.0
34.006,0.278,0.005,15.73,-1.12,12.67,0,0,0,0,0.0
34.026,0.294,0.008,1.12,-0.24,6.17,0,0,0,0,0.0
34.043,0.278,0.007,-0.0,0.06,5.94,0,0,0,0,0.0
34.057,0.278,0.007,0.08,0.18,5.52,0,0,0,0,0.0
34.206,0.297,0.009,12.58,-0.5,13.76,0,0,0,0,0.0
34.227,0.283,0.005,-1.81,0.51,1.85,0,0,0,0,0.0
34.248,0.294,0.004,-2.85,0.1,4.48,0,0,0,0,0.0
34.267,0.279,0.004,-2.92,-0.03,3.1,0,0,0,0,0.0
34.408,0.268,0.004,-3.44,-0.58,3.02,0,0,0,0,0.0
34.427,0.274,0.002,-1.82,-2.53,-1.44,0,0,0,0,0.0
34.447,0.296,0.003,-1.84,-2.34,1.3,0,0,0,0,0.0
34.466,0.27,0.005,-1.39,-2.35,0.67,0,0,0,0,0.0
34.605,0.286,0.004,-1.56,-2.18,1.54,0,0,0,0,0.0
34.626,0.286,0.003,-3.71,-1.16,0.94,0,0,0,0,0.0
34.645,0.265,0.002,-3.17,-1.27,0.97,0,0,0,0,0.0
34.673,0.285,0.003,-2.88,-1.21,2.66,0,0,0,0,0.0
34.865,0.276,0.005,-2.37,-0.55,3.77,0,0,0,0,0.0
34.886,0.282,0.002,12.52,-1.47,15.89,0,0,0,0,0.0
34.906,0.264,0.004,14.19,-1.65,14.34,0,0,0,0,0.0
34.927,0.261,0.004,14.38,-1.55,14.97,0,0,0,0,0.0
35.079,0.273,0.007,14.5,-1.14,15.58,0,0,0,0,0.0
35.1,0.266,0.004,0.72,-0.68,2.32,0,0,0,0,0.0
35.119,0.266,0.005,16.26,-1.97,12.78,0,0,0,0,0.0
35.169,0.289,0.01,18.54,-1.73,14.14,0,0,0,0,0.0
35.33,0.284,0.002,2.0,-0.38,4.08,0,0,0,0,0.0
35.349,0.283,0.004,2.0,-1.2,5.62,0,0,0,0,0.0
35.37,0.293,0.004,16.82,-2.67,16.36,0,0,0,0,0.0
35.39,0.275,0.007,17.01,-2.52,16.37,0,0,0,0,0.0
35.533,0.287,0.006,2.26,-1.15,5.12,0,0,0,0,0.0
35.555,0.291,0.004,17.89,-2.35,15.69,0,0,0,0,0.0
35.573,0.286,0.005,18.21,-2.13,16.76,0,0,0,0,0.0
35.617,0.306,0.005,17.54,-1.6,16.09,0,0,0,0,0.0
35.766,0.301,0.002,2.22,-0.27,5.07,0,0,0,0,0.0
35.786,0.287,0.003,22.06,-4.29,8.09,0,0,0,0,0.0
35.811,0.309,0.004,22.69,-4.71,11.05,0,0,0,0,0.0
35.841,0.288,0.004,22.01,-4.4,12.82,0,0,0,0,0.0
35.993,0.293,0.006,22.21,-4.05,14.33,0,0,0,0,0.0
36.014,0.307,0.006,24.03,-3.58,12.86,0,0,0,0,0.0
36.036,0.292,0.003,23.44,-2.82,11.95,0,0,0,0,0.0
36.057,0.289,0.009,22.89,-2.38,15.01,0,0,0,0,0.0
36.208,0.312,0.009,22.67,-1.67,14.55,0,0,0,0,0.0
36.226,0.281,0.002,1.32,0.61,4.97,0,0,0,0,0.0
36.244,0.284,0.004,2.4,0.64,5.25,0,0,0,0,0.0
36.265,0.292,0.003,22.77,-0.8,14.99,0,0,0,0,0.0
36.409,0.298,0.004,2.49,1.47,4.82,0,0,0,0,0.0
36.431,0.278,0.002,1.2,1.27,3.74,0,0,0,0,0.0
36.45,0.28,0.003,1.01,1.37,4.36,0,0,0,0,0.0
36.471,0.25,0.002,0.54,1.49,3.73,0,0,0,0,0.0
36.609,0.23,0.004,0.84,1.57,2.45,0,0,0,0,3.2
36.63,0.247,0.005,0.48,1.62,-0.66,0,0,0,0,1.9
36.648,0.283,0.004,0.61,1.47,1.42,0,0,0,0,0.0
36.687,0.272,0.003,0.8,1.32,3.15,0,0,0,0,0.0
36.845,0.274,0.002,0.58,0.8,2.18,0,0,0,0,0.0
36.864,0.28,0.002,0.62,-1.95,1.81,0,0,0,0,0.0
36.884,0.278,0.004,0.51,-2.91,2.63,0,0,0,0,0.0
36.915,0.281,0.003,1.33,-3.76,3.5,0,0,0,0,0.0
37.077,0.282,0.002,1.75,-4.33,3.16,0,0,0,0,0.0
37.097,0.29,0.003,2.36,-7.29,2.04,0,0,0,0,0.0
37.124,0.293,0.003,2.61,-7.27,0.83,0,0,0,0,0.0
37.156,0.275,0.002,3.02,-8.1,1.61,0,0,0,0,0.0
37.313,0.27,0.003,3.1,-9.14,0.46,0,0,0,0,0.0
37.336,0.282,0.005,2.85,-9.7,2.21,0,0,0,0,0.0
37.357,0.282,0.005,3.95,-9.95,1.53,0,0,0,0,0.0
37.394,0.286,0.007,2.79,-10.04,1.76,0,0,0,0,0.0
37.561,0.277,0.003,2.42,-10.76,1.9,0,0,0,0,0.0
37.582,0.284,0.003,2.4,-17.59,-0.36,0,0,0,0,0.0
37.604,0.274,0.004,2.1,-19.89,1.88,0,0,0,0,0.0
37.624,0.294,0.003,1.51,-22.72,3.04,0,0,0,0,0.0
37.79,0.281,0.003,2.24,-25.36,2.67,0,0,0,0,0.0
37.812,0.267,0.003,-1.49,-31.54,22.99,0,0,0,0,0.0
37.834,0.285,0.006,-3.64,-32.79,17.42,0,0,0,0,0.0
37.863,0.295,0.004,-4.19,-32.67,20.88,0,0,0,0,0.0
38.063,0.297,0.002,-5.52,-32.91,17.22,0,0,0,0,0.0
38.089,0.276,0.003,-7.22,-32.43,16.3,0,0,0,0,0.0
38.111,0.293,0.003,-6.77,-32.02,20.29,0,0,0,0,0.0
38.136,0.282,0.003,-6.68,-32.24,17.87,0,0,0,0,0.0
38.304,0.284,0.004,-6.93,-32.27,17.79,0,0,0,0,0.0
38.328,0.257,0.002,-6.45,-31.52,18.36,0,0,0,0,0.0
38.351,0.162,0.002,-6.03,-30.38,17.68,0,0,0,0,11.3
38.372,0.096,0.003,6.14,-30.07,8.25,0,0,0,0,20.0
38.536,0.133,0.006,5.99,-27.49,5.46,0,0,0,0,16.3
38.56,0.237,0.609,7.82,-17.44,-3.49,0,0,0,0,4.5
38.582,0.228,0.686,8.74,-13.97,-5.2,0,0,0,0,16.4
38.606,0.242,0.876,7.41,-11.97,-6.24,0,0,0,0,15.5
38.78,0.251,0.964,8.36,-10.13,-6.16,0,0,0,0,10.0
38.803,0.261,1.143,11.83,-4.78,-7.47,0,0,0,0,10.0
38.825,0.26,1.117,4.93,-3.62,-7.45,0,0,0,0,10.0
38.852,0.262,1.128,5.85,-3.12,-6.74,0,0,0,0,10.0
39.014,0.255,1.136,5.5,-3.09,-6.45,0,0,0,0,10.0
39.038,0.235,1.083,5.74,-3.35,-7.15,0,0,0,0,12.5
39.06,0.255,1.023,6.17,-3.09,-6.21,0,0,0,0,10.0
39.081,0.249,0.956,6.46,-3.26,-7.0,0,0,0,0,10.8
39.236,0.265,0.925,6.13,-3.39,-6.76,0,0,0,0,10.0
39.256,0.262,0.888,6.42,-3.6,-5.92,0,0,0,0,10.0
39.278,0.267,0.879,6.55,-3.83,-5.62,0,0,0,0,10.0
39.299,0.28,0.875,6.04,-4.13,-5.91,0,0,0,0,10.0
39.454,0.275,0.854,5.27,-4.09,-5.49,0,0,0,0,10.0
39.474,0.281,0.868,5.1,-4.18,-5.4,0,0,0,0,10.0
39.496,0.279,0.871,6.01,-3.47,-6.09,0,0,0,0,10.0
39.525,0.277,0.872,5.05,-3.87,-5.01,0,1,0,0,20.0
39.748,0.28,0.863,4.65,-3.68,-6.1,0,1,0,0,20.0
39.771,0.267,0.917,3.31,-3.94,-5.87,0,1,0,0,20.0
39.799,0.257,0.915,3.04,-4.15,-6.82,0,1,0,0,20.0
39.827,0.261,0.974,3.18,-4.06,-6.36,0,1,0,0,20.0
40.028,0.261,0.962,3.21,-4.01,-6.54,0,1,0,0,20.0
40.057,0.258,0.919,4.42,-3.98,-5.72,0,1,0,0,20.0
40.084,0.263,0.91,4.1,-3.96,-5.85,0,1,0,0,20.0
40.108,0.261,0.976,5.77,-4.05,-6.36,0,1,0,0,20.0
40.302,0.264,0.932,6.19,-4.21,-6.35,0,1,0,0,20.0
40.324,0.25,0.915,5.55,-4.25,-7.37,0,1,0,0,20.0
40.375,0.247,0.812,5.3,-4.36,-6.69,0,1,0,0,21.1
40.408,0.252,0.83,4.69,-4.14,-6.38,0,1,0,0,20.0
40.594,0.255,0.937,4.93,-4.24,-7.37,0,1,0,0,20.0
40.619,0.257,0.923,4.47,-4.1,-6.86,0,1,0,0,20.0
40.64,0.239,0.893,5.58,-4.16,-6.96,0,1,0,0,22.1
40.661,0.261,0.891,4.73,-4.2,-7.4,0,1,0,0,20.0
40.852,0.267,0.904,5.46,-4.11,-7.48,0,1,0,0,20.0
40.875,0.259,1.037,3.26,-4.1,-7.47,0,1,0,0,20.0
40.898,0.246,1.113,4.18,-4.08,-7.95,0,1,0,0,21.2
40.921,0.267,1.108,4.19,-4.18,-7.44,0,1,0,0,20.0
41.104,0.251,1.083,2.6,-3.98,-7.13,0,1,0,0,20.0
41.126,0.266,1.263,3.33,-4.11,-8.05,0,1,0,0,20.0
41.174,0.248,1.318,1.64,-4.04,-7.37,0,1,0,0,21.0
41.205,0.244,1.287,3.21,-4.04,-8.04,0,1,0,0,22.3
41.37,0.246,1.355,2.4,-3.65,-7.2,0,1,0,0,22.8
41.391,0.249,1.382,1.54,-3.61,-7.4,0,1,0,0,23.1
41.413,0.258,1.37,2.09,-3.54,-8.06,0,1,0,0,20.0
41.435,0.243,1.364,0.71,-3.51,-7.81,0,1,0,0,21.6
41.596,0.238,1.337,2.08,-3.73,-7.69,0,1,0,0,23.0
41.622,0.257,1.323,0.67,-3.96,-6.84,0,1,0,0,20.0
41.644,0.264,1.339,2.01,-3.64,-7.74,0,1,0,0,20.0
41.664,0.253,1.349,1.03,-3.64,-7.16,0,1,0,0,20.0
41.824,0.256,1.338,0.78,-3.19,-8.36,0,1,0,0,20.0
41.848,0.272,1.435,-3.81,-1.92,-5.95,0,1,0,0,20.0
41.87,0.264,1.431,-2.98,-1.71,-6.13,0,1,0,0,20.0
41.894,0.266,1.394,-4.73,-1.31,-5.19,0,1,0,0,20.0
42.07,0.26,1.376,-5.31,-1.28,-5.17,0,1,0,0,20.0
42.091,0.266,1.401,-4.88,-1.24,-4.81,0,1,0,0,20.0
42.115,0.267,1.447,-4.37,-1.48,-4.68,0,1,0,0,20.0
42.141,0.271,1.428,-5.03,-1.43,-4.56,0,1,0,0,20.0
42.333,0.263,1.442,-4.25,-1.58,-4.39,0,1,0,0,20.0
42.358,0.258,1.464,-5.05,-1.1,-5.08,0,1,0,0,20.0
42.384,0.278,1.397,-4.48,-0.92,-4.55,0,1,0,0,20.0
42.408,0.272,1.371,-5.19,-0.85,-4.0,0,1,0,0,20.0
42.577,0.289,1.431,-4.9,-0.82,-4.32,0,1,0,0,20.0
42.598,0.262,1.37,-2.77,-1.48,-5.61,0,1,0,0,20.0
42.622,0.264,1.431,-1.7,-1.58,-6.05,0,1,0,0,20.0
42.643,0.275,1.405,-1.46,-1.6,-6.14,0,1,0,0,20.0
42.856,0.271,1.39,-0.84,-1.86,-5.96,0,1,0,0,20.0
42.878,0.297,1.342,0.2,-2.28,-6.13,0,1,0,0,20.0
42.902,0.28,1.326,1.04,-2.58,-6.81,0,1,0,0,20.0
42.921,0.286,1.276,1.9,-2.64,-6.77,0,1,0,0,20.0
43.103,0.264,1.299,1.79,-2.63,-7.22,0,1,0,0,20.0
43.128,0.277,1.304,1.55,-2.9,-6.86,0,1,0,0,20.0
43.154,0.251,1.298,3.1,-3.29,-7.9,0,1,0,0,20.0
43.178,0.14,1.327,2.48,-3.47,-8.78,0,1,0,0,33.9
43.343,0.122,1.259,1.98,-3.6,-9.51,0,1,0,0,36.8
43.37,0.288,1.263,3.37,-3.47,-7.41,0,1,0,0,20.0
43.393,0.265,1.213,2.83,-3.38,-7.37,0,1,0,0,20.0
43.416,0.282,1.213,3.92,-3.39,-7.43,0,1,0,0,20.0
43.565,0.292,1.245,3.52,-3.03,-7.46,0,1,0,0,20.0
43.588,0.265,1.26,3.21,-3.12,-7.59,0,1,0,0,20.0
43.61,0.269,1.276,3.89,-3.23,-7.04,0,1,0,0,20.0
43.631,0.268,1.2,3.76,-3.09,-7.8,0,1,0,0,20.0
43.795,0.274,1.273,2.59,-3.25,-7.52,0,1,0,0,20.0
43.817,0.285,1.203,2.33,-3.28,-7.12,0,1,0,0,20.0
43.84,0.286,1.237,2.56,-3.55,-7.03,0,1,0,0,20.0
43.862,0.283,1.181,2.95,-3.46,-7.11,0,1,0,0,20.0
44.025,0.28,1.209,2.87,-3.53,-7.26,0,1,0,0,20.0
44.048,0.288,1.254,1.86,-3.66,-7.03,0,1,0,0,20.0
44.068,0.269,1.181,1.85,-3.74,-6.61,0,1,0,0,20.0
44.089,0.279,1.13,1.55,-3.61,-6.86,0,1,0,0,20.0
44.256,0.277,1.138,1.98,-3.9,-7.54,0,1,0,0,20.0
44.28,0.293,1.147,3.15,-3.88,-6.58,0,1,0,0,20.0
44.305,0.31,1.229,2.43,-3.59,-6.78,0,1,0,0,20.0
44.326,0.299,1.163,3.15,-3.68,-6.81,0,1,0,0,20.0
44.504,0.29,1.161,2.87,-3.85,-6.0,0,1,0,0,20.0
44.525,0.297,1.152,5.04,-3.75,-6.75,0,1,0,0,20.0
44.553,0.29,1.109,3.2,-4.05,-6.7,0,1,0,0,20.0
44.575,0.285,1.179,2.86,-3.99,-6.22,0,1,0,0,20.0
44.738,0.269,1.198,3.0,-3.94,-6.68,0,1,0,0,20.0
44.91,0.282,1.189,3.08,-3.19,-7.33,0,1,0,0,20.0
44.924,0.278,1.219,3.45,-3.18,-7.42,0,1,0,0,20.0
44.951,0.267,1.158,2.75,-2.93,-7.52,0,1,0,0,20.0
45.107,0.255,1.171,3.28,-2.7,-7.63,0,1,0,0,20.0
45.128,0.176,1.15,2.18,-2.44,-8.6,0,1,0,0,29.6
45.151,0.221,1.152,2.39,-2.5,-9.76,0,1,0,0,25.0
45.17,0.234,1.165,3.49,-2.48,-8.62,0,1,0,0,24.2
45.318,0.237,1.195,2.76,-2.26,-8.21,0,1,0,0,24.6
45.341,0.257,1.189,1.96,-2.35,-7.52,0,1,0,0,20.0
45.362,0.264,1.136,1.71,-2.42,-7.6,0,1,0,0,20.0
45.384,0.277,1.173,1.42,-2.32,-7.49,0,1,0,0,20.0
45.53,0.256,1.172,1.4,-2.24,-7.65,0,1,0,0,20.0
45.562,0.252,1.113,0.28,-2.65,-7.76,0,1,0,0,20.0
45.588,0.277,1.1,0.78,-2.53,-7.08,0,1,0,0,20.0
45.615,0.269,1.124,-0.6,-2.27,-6.67,0,1,0,0,20.0
45.788,0.26,1.145,-0.97,-2.24,-6.52,0,1,0,0,20.0
45.812,0.2,1.077,-1.11,-1.94,-9.1,0,1,0,0,26.7
45.836,0.233,1.15,-2.68,-1.75,-7.31,0,1,0,0,23.5
45.857,0.227,1.208,-3.28,-1.44,-6.7,0,1,0,0,25.0
46.009,0.195,1.185,-3.77,-1.87,-6.66,0,1,0,0,29.6
46.027,0.201,1.117,-3.49,-1.73,-7.28,0,1,0,0,29.7
46.065,0.213,1.065,-2.44,-1.53,-8.26,0,1,0,0,29.0
46.087,0.217,1.156,-1.56,-1.43,-8.28,0,1,0,0,29.2
46.258,0.212,1.126,-2.54,-1.54,-8.34,0,1,0,0,30.5
46.281,0.267,1.123,-1.83,-1.86,-6.88,0,1,0,0,20.0
46.31,0.277,1.111,-2.74,-1.96,-6.41,0,1,0,0,20.0
46.332,0.27,1.09,-1.54,-1.93,-6.4,0,1,0,0,20.0
46.501,0.292,1.057,-1.76,-2.04,-6.94,0,1,0,0,20.0
46.525,0.29,1.075,-3.49,-1.78,-4.24,0,1,0,0,20.0
46.547,0.305,1.056,-2.9,-1.83,-5.05,0,1,0,0,20.0
46.574,0.292,1.114,-4.83,-1.62,-4.48,0,1,0,0,20.0
46.747,0.305,1.1,-5.61,-1.55,-3.86,0,1,0,0,20.0
46.771,0.301,1.086,-4.79,-1.19,-2.57,0,1,0,0,20.0
46.794,0.298,1.197,-5.99,-0.56,-2.2,0,1,0,0,20.0
46.816,0.319,1.14,-5.82,-0.59,-3.0,0,1,0,0,20.0
46.969,0.291,1.179,-6.89,-0.18,-3.31,0,1,0,0,20.0
47.022,0.291,1.28,-7.96,0.41,-3.08,0,1,0,0,20.0
47.043,0.274,1.333,-7.33,0.62,-3.26,0,1,0,0,20.0
47.061,0.264,1.4,-8.14,0.68,-3.06,0,1,0,0,20.0
47.209,0.279,1.319,-9.28,0.74,-2.65,0,1,0,0,20.0
47.229,0.303,1.443,-9.75,1.7,-3.4,0,1,0,0,20.0
47.253,0.274,1.407,-10.2,1.81,-2.73,0,1,0,0,20.0
47.272,0.287,1.364,-10.33,2.07,-3.06,0,1,0,0,20.0
47.421,0.282,1.392,-10.42,2.22,-2.46,0,1,0,0,20.0
47.445,0.27,1.369,-10.02,1.98,-2.93,0,1,0,0,20.0
47.465,0.28,1.362,-10.63,2.18,-2.44,0,1,0,0,20.0
47.485,0.277,1.395,-8.75,2.19,-3.73,0,1,0,0,20.0
47.647,0.289,1.332,-9.04,2.35,-3.41,0,1,0,0,20.0
47.671,0.293,1.339,-6.33,1.43,-3.82,0,1,0,0,20.0
47.692,0.298,1.254,-6.91,1.61,-4.35,0,1,0,0,20.0
47.711,0.278,1.252,-6.29,1.67,-4.69,0,1,0,0,20.0
47.858,0.278,1.257,-6.69,1.65,-4.37,0,1,0,0,20.0
47.881,0.293,1.241,-6.39,0.98,-4.07,0,1,0,0,20.0
47.905,0.271,1.219,-7.28,0.9,-3.98,0,1,0,0,20.0
47.928,0.287,1.197,-6.76,0.77,-3.96,0,1,0,0,20.0
48.115,0.264,1.278,-8.01,0.75,-3.07,0,1,0,0,20.0
48.136,0.288,1.219,-8.45,1.14,-3.12,0,1,0,0,20.0
48.159,0.276,1.255,-9.21,1.35,-2.84,0,1,0,0,20.0
48.183,0.286,1.248,-8.71,1.46,-3.06,0,1,0,0,20.0
48.332,0.288,1.244,-9.27,1.03,-2.73,0,1,0,0,20.0
48.356,0.286,1.287,-9.09,0.68,-2.71,0,1,0,0,20.0
48.378,0.271,1.24,-9.45,0.64,-2.78,0,1,0,0,20.0
48.406,0.287,1.235,-9.81,0.55,-2.75,0,1,0,0,20.0
48.547,0.287,1.225,-9.44,0.68,-2.72,0,1,0,0,20.0
48.573,0.27,1.211,-9.28,0.64,-2.8,0,1,0,0,20.0
48.593,0.273,1.2,-9.62,0.47,-2.1,0,1,0,0,20.0
48.616,0.288,1.257,-10.45,0.59,-2.11,0,1,0,0,20.0
48.776,0.273,1.26,-9.08,0.27,-2.17,0,1,0,0,20.0
48.798,0.269,1.22,-9.51,0.64,-2.41,0,1,0,0,20.0
48.822,0.27,1.287,-9.59,0.16,-1.78,0,1,0,0,20.0
48.855,0.283,1.215,-8.67,0.65,-2.9,0,1,0,0,20.0
49.036,0.28,1.269,-9.72,0.23,-2.19,0,1,0,0,20.0
49.059,0.283,1.283,-9.2,0.24,-2.15,0,1,0,0,20.0
49.081,0.283,1.227,-8.17,0.32,-3.02,0,1,0,0,20.0
49.106,0.273,1.251,-9.72,0.38,-2.45,0,1,0,0,20.0
49.256,0.284,1.248,-10.23,0.24,-1.72,0,1,0,0,20.0
49.278,0.282,1.209,-7.94,0.33,-2.52,0,1,0,0,20.0
49.3,0.274,1.249,-9.25,-0.03,-2.3,0,1,0,0,20.0
49.319,0.296,1.195,-8.78,0.23,-2.47,0,1,0,0,20.0
49.468,0.284,1.162,-9.4,-0.07,-1.95,0,1,0,0,20.0
49.49,0.283,1.193,-8.3,0.14,-2.71,0,1,0,0,20.0
49.524,0.283,1.19,-9.03,-0.17,-2.25,0,1,0,0,20.0
49.556,0.282,1.175,-8.49,0.15,-2.53,0,1,0,0,20.0
49.731,0.283,1.17,-8.81,0.09,-2.99,0,1,0,0,20.0
49.753,0.287,1.149,-8.53,-0.25,-2.25,0,1,0,0,20.0
49.777,0.28,1.135,-8.39,-0.03,-2.68,0,1,0,0,20.0
49.802,0.234,1.122,-8.53,0.04,-3.9,0,1,0,0,22.7
49.956,0.175,1.072,-7.02,-0.06,-5.21,0,1,0,0,30.5
49.983,0.183,1.066,-7.12,-0.22,-5.35,0,1,0,0,30.3
50.005,0.167,1.099,-6.6,-0.24,-5.38,0,1,0,0,33.0
50.027,0.179,1.086,-7.06,-0.16,-5.15,0,1,0,0,32.3
50.18,0.17,1.053,-6.65,-0.05,-6.04,0,1,0,0,34.1
50.201,0.256,1.187,-7.53,-0.39,-4.86,0,1,0,0,20.0
50.222,0.266,1.148,-7.1,-0.53,-4.47,0,1,0,0,20.0
50.261,0.275,1.139,-7.57,-0.28,-4.18,0,1,0,0,20.0
50.445,0.275,1.146,-8.62,-0.28,-4.14,0,1,0,0,20.0
50.468,0.293,1.169,-8.43,-0.47,-3.82,0,1,0,0,20.0
50.49,0.29,1.163,-9.16,-0.44,-3.53,0,1,0,0,20.0
50.511,0.291,1.164,-9.72,-0.61,-3.28,0,1,0,0,20.0
50.649,0.298,1.157,-8.93,-0.43,-3.2,0,1,0,0,20.0
50.675,0.293,1.244,-9.15,-0.4,-3.26,0,1,0,0,20.0
50.694,0.278,1.167,-8.62,-0.26,-3.86,0,1,0,0,20.0
50.722,0.272,1.231,-8.71,-0.01,-4.55,0,1,0,0,20.0
50.87,0.247,1.237,-7.46,0.0,-5.18,0,1,0,0,21.1
49.524,0.283,1.19,-9.03,-0.17,-2.25,0,1,0,0,20.0
49.556,0.282,1.175,-8.49,0.15,-2.53,0,1,0,0,20.0
49.731,0.283,1.17,-8.81,0.09,-2.99,0,1,0,0,20.0
49.753,0.287,1.149,-8.53,-0.25,-2.25,0,1,0,0,20.0
49.777,0.28,1.135,-8.39,-0.03,-2.68,0,1,0,0,20.0
49.802,0.234,1.122,-8.53,0.04,-3.9,0,1,0,0,22.7
49.956,0.175,1.072,-7.02,-0.06,-5.21,0,1,0,0,30.5
49.983,0.183,1.066,-7.12,-0.22,-5.35,0,1,0,0,30.3
50.005,0.167,1.099,-6.6,-0.24,-5.38,0,1,0,0,33.0
50.027,0.179,1.086,-7.06,-0.16,-5.15,0,1,0,0,32.3
50.18,0.17,1.053,-6.65,-0.05,-6.04,0,1,0,0,34.1
50.201,0.256,1.187,-7.53,-0.39,-4.86,0,1,0,0,20.0
50.222,0.266,1.148,-7.1,-0.53,-4.47,0,1,0,0,20.0
50.261,0.275,1.139,-7.57,-0.28,-4.18,0,1,0,0,20.0
50.445,0.275,1.146,-8.62,-0.28,-4.14,0,1,0,0,20.0
50.468,0.293,1.169,-8.43,-0.47,-3.82,0,1,0,0,20.0
50.49,0.29,1.163,-9.16,-0.44,-3.53,0,1,0,0,20.0
50.511,0.291,1.164,-9.72,-0.61,-3.28,0,1,0,0,20.0
50.649,0.298,1.157,-8.93,-0.43,-3.2,0,1,0,0,20.0
50.675,0.293,1.244,-9.15,-0.4,-3.26,0,1,0,0,20.0
50.694,0.278,1.167,-8.62,-0.26,-3.86,0,1,0,0,20.0
50.722,0.272,1.231,-8.71,-0.01,-4.55,0,1,0,0,20.0
50.87,0.247,1.237,-7.46,0.0,-5.18,0,1,0,0,21.1
50.89,0.202,1.143,-7.45,0.24,-6.09,0,1,0,0,27.3
50.917,0.186,1.131,-6.85,-0.07,-6.06,0,1,0,0,29.9
50.959,0.206,1.14,-6.63,-0.12,-6.8,0,1,0,0,28.3
51.125,0.212,1.123,-6.79,-0.11,-6.25,0,1,0,0,28.4
51.147,0.201,1.193,-7.11,0.29,-6.85,0,1,0,0,30.4
51.169,0.195,1.199,-5.38,0.16,-7.44,0,1,0,0,31.9
51.191,0.254,1.141,-6.87,-0.25,-5.99,0,1,0,0,20.0
